case_id,stone_id,lr_line_distance_mm,foot_to_left_mm,foot_to_right_mm,foot_lr_mid_offset_ratio,stone_voxels,centroid_x,centroid_y,centroid_z
3200082662,1,98.921,17.122,81.799,0.6538,172,356.55,263.59,37.58
3200277629,1,93.951,71.291,22.66,0.5176,271,189.35,259.36,45.63
3200353629,1,101.254,81.96,19.294,0.6189,147,187.86,249.27,36.18
3200353629,2,101.254,69.678,31.576,0.3763,121,222.26,208.88,42.51
3200353629,3,101.254,67.701,33.553,0.3373,1172,228.32,191.45,39.94
3200754229,1,97.23,53.876,43.354,0.1082,335,224.04,147.28,40.45
3200774864,1,107.887,22.38,85.506,0.5851,3980,342.9,262.05,53.78
3200774864,2,107.887,24.83,83.057,0.5397,20,339.35,284.5,36.55
3200774864,3,107.887,19.656,88.231,0.6356,82,350.02,298.73,43.04
3301523238,1,110.199,83.877,26.322,0.5223,5238,168.25,245.67,44.52
3301528977,1,94.664,44.138,50.525,0.0675,7,280.0,122.71,40.0
3301528977,2,94.664,42.694,51.97,0.098,128,284.28,134.68,39.45
3301537463,1,105.657,31.586,74.071,0.4021,1123,335.64,227.05,33.22
3301557543,1,100.926,43.06,57.865,0.1467,344,268.27,130.33,39.6
3301560465,1,99.562,81.674,17.888,0.6407,19,206.74,275.84,41.53
3301560465,2,99.562,79.386,20.176,0.5947,85,210.71,264.78,47.84
3301560465,3,99.562,74.797,24.765,0.5025,886,220.77,254.92,51.58
3301563583,1,86.542,46.536,40.006,0.0755,503,236.17,151.01,37.72
3301563635,1,106.376,77.181,29.195,0.4511,3624,201.35,229.7,46.26
3301563635,2,106.376,69.284,37.092,0.3026,2213,221.18,199.53,46.3
3301570138,1,86.866,71.794,15.072,0.653,17,204.35,216.88,33.24
3301570138,2,86.866,69.759,17.106,0.6061,8,209.88,210.12,36.0
3301570138,3,86.866,51.598,35.268,0.188,500,259.27,145.76,35.34
3301570138,4,86.866,46.328,40.537,0.0667,21,273.52,130.1,37.52
3301570899,1,99.423,73.523,25.9,0.479,1340,203.43,226.34,48.44
3301570928,1,92.566,49.399,43.167,0.0673,364,230.21,172.54,44.98
3301570931,1,98.29,45.235,53.055,0.0796,135,282.73,149.56,40.33
3301570938,1,104.588,68.928,35.66,0.3181,1520,210.08,185.99,68.97
3301570952,1,95.765,30.192,65.573,0.3695,1971,299.63,221.35,32.58
3301570979,1,109.293,21.719,87.573,0.6025,373,335.93,239.16,44.4
3301571161,1,114.957,33.065,81.892,0.4247,169,314.51,224.51,46.76
3301574035,1,106.964,79.001,27.963,0.4771,468,179.07,225.07,32.9
3301574204,1,95.873,39.545,56.327,0.175,1235,297.92,174.72,35.86
3301574204,2,95.873,37.012,58.861,0.2279,354,305.75,195.4,36.82
3301574204,3,95.873,35.743,60.13,0.2544,122,309.66,208.3,37.76
3301574204,4,95.873,29.522,66.35,0.3841,613,328.97,243.65,37.4
3301574204,5,95.873,25.117,70.755,0.476,366,340.98,254.04,43.65
3301574261,1,112.183,83.035,29.148,0.4803,397,196.76,229.04,41.5
3301574374,1,103.809,23.66,80.149,0.5442,3635,327.66,227.36,37.81
3301575905,1,99.106,72.749,26.357,0.4681,339,187.36,224.9,40.82
3301575982,1,101.604,26.085,75.518,0.4865,3398,343.82,203.88,42.87
3301575982,2,101.604,23.793,77.811,0.5317,62,354.31,243.48,21.48
3301575982,3,101.604,16.991,84.613,0.6655,11842,369.89,225.3,32.47
3301575982,4,101.604,23.433,78.171,0.5387,3,352.0,229.0,36.0
3301575982,5,101.604,23.039,78.565,0.5465,1,353.0,231.0,36.0
3301575982,6,101.604,22.645,78.959,0.5543,1,354.0,233.0,36.0
3301575982,7,101.604,21.859,79.744,0.5697,40,360.8,221.68,17.4
3301575982,8,101.604,13.532,88.072,0.7336,1,378.0,207.0,38.0
3301575982,9,101.604,13.145,88.459,0.7413,1,379.0,208.0,38.0
3301575982,10,101.604,12.758,88.846,0.7489,1,380.0,209.0,38.0
3301575982,11,101.604,11.991,89.612,0.764,1,382.0,210.0,38.0
3301575982,12,101.604,11.604,89.999,0.7716,1,383.0,211.0,38.0
3301575982,13,101.604,10.823,90.78,0.7869,1,385.0,214.0,38.0
3301581701,1,103.913,82.831,21.082,0.5942,1079,185.29,267.62,44.22
3301581718,1,104.092,76.742,27.35,0.4745,335,207.0,192.21,38.06
3301581738,1,89.2,26.015,63.185,0.4167,605,291.38,256.81,50.78
3301582488,1,106.874,75.713,31.161,0.4169,76,210.36,175.5,32.96
3301582488,2,106.874,65.983,40.891,0.2348,399,237.33,134.95,37.74
3301582488,3,106.874,61.544,45.33,0.1517,264,249.72,112.24,45.07
3301663788,1,93.221,33.762,59.459,0.2757,759,298.99,137.06,37.11
3301663788,2,93.221,29.333,63.888,0.3707,710,308.76,156.33,33.96
3301663085,1,109.766,84.033,25.733,0.5311,90,187.36,240.69,37.46
3301663085,2,109.766,72.691,37.074,0.3245,676,213.16,180.07,35.74
3301659335,1,84.517,21.181,63.336,0.4988,729,318.82,254.4,73.26
3301659628,1,92.578,77.516,15.062,0.6746,1030,152.56,210.31,28.18
3301659683,1,106.287,73.48,32.807,0.3827,1512,216.35,204.23,42.15
3301684665,1,91.668,21.496,70.172,0.531,687,330.1,224.68,37.0
3200562262,1,96.167,62.179,33.988,0.2932,370,198.38,203.57,56.23
3200562262,2,96.167,55.414,40.753,0.1525,588,221.12,158.16,55.99
3301648461,1,93.682,70.644,23.038,0.5082,282,218.96,263.17,45.61
3301640623,1,104.492,60.247,44.245,0.1531,462,230.43,180.81,76.82
1000300280,1,93.759,22.559,71.2,0.5188,1354,328.19,273.1,40.39
1000352910,1,101.977,46.018,55.959,0.0975,785,285.4,182.19,39.86
1000352910,2,101.977,44.499,57.478,0.1273,123,288.97,212.92,40.5
3301495619,1,91.443,73.959,17.485,0.6176,539,189.5,264.95,34.17
3301515705,1,98.129,20.666,77.463,0.5788,374,322.24,231.99,42.79
